id,listing_id,referencia,tipo,cidade,bairro,endereco,numero,complemento,cep,valor,valor_num,dormitorios,suites,banheiros,vagas,area_privativa,area_total,link,imagem_principal,descricao
978859,25i-apartamento Metropoles 235_1-978859,25i-apartamento Metropoles 235_1,Apartamento,Goiânia,Jardim Novo Mundo,Rua Santa Maria,1,Apartamento bloco Londres,74710220,R$ 245.000,245000,2,0,1,1,52 m²,60 m²,https://www.marcusbeda.com.br/imovel/978859/apartamento-2-quartos-venda-goiania-go-jardim-novo-mundo,https://www.marcusbeda.com.br/imagens/imoveis/202509160922328174.jpg,Apartamento no Jardim Novo Mundo Sala Cozinha 2 Quartos 1 Garagem Otima localização. Contato Marcus 981162705 3 andar
3933859,20i-casa esquina Parma sol 1.0_1-3933859,20i-casa esquina Parma sol 1.0_1,Casa em Condomínio,Senador Canedo,Jardins Parma,Rua Fontana,1,Casa,75251238,R$ 1.000.000,1000000,3,3,4,2,132 m²,250 m²,https://www.marcusbeda.com.br/imovel/3933859/casa-em-condominio-venda-senador-canedo-go-jardins-parma,https://www.marcusbeda.com.br/imagens/imoveis/202509110900497746.jpeg,"Casa em Condomínio para Venda, Jardins Parma no bairro Jardins Parma. Com 3 dormitórios, sendo 3 suítes, possui 4 banheiros, 2 vagas de garagem, 1 sala, localizado em condomínio, construído no ano de 2025. Área Construída com 132,00 m², Área do Terreno com 250,00 m². Valor do Imóvel R$ 1000.000,00, IPTU R$ 500,00, Valor do Condomínio R$ 600,00. Cômodos: Área de Serviço, Copa, Cozinha."
3933872,5i-Casa recanto Oliveira 420 m_1-3933872,5i-Casa recanto Oliveira 420 m_1,Casa,Goiânia,Setor Recanto das Minas Gerais,Rua SR 64,1,,74785335,R$ 420.000,420000,3,1,2,1,135 m²,106 m²,https://www.marcusbeda.com.br/imovel/3933872/casa-3-dormitorios-venda-goiania-go-setor-recanto-das-minas-gerais,https://www.marcusbeda.com.br/imagens/imoveis/202509110936112911.jpg,"Casa para Venda no bairro Setor Recanto das Minas Gerais, localizado na cidade de Goiânia / GO, região leste. Com 3 dormitórios, sendo 1 suíte, possui 2 banheiros, 1 vaga de garagem, 1 sala. Área Construída com 106,00 m², Área do Terreno com 135,00 m². Valor do Imóvel R$ 350.000,00, IPTU R$ 300,00. Cômodos: Área de Serviço, Cozinha. Proximidades: Bares e Restaurantes, Escola, Farmácia, Supermercado."
3933908,22i-casa esquina J capri sol 1_1-3933908,22i-casa esquina J capri sol 1_1,Casa em Condomínio,Senador Canedo,Jardins Capri,Rua Sálvia,1,Casa,75251328,R$ 1.590.000,1590000,3,3,4,2,177 m²,392 m²,https://www.marcusbeda.com.br/imovel/3933908/casa-em-condominio-venda-senador-canedo-go-jardins-capri,https://www.marcusbeda.com.br/imagens/imoveis/202509110947229299.jpg,"CASA TERREA DE ESQUINA Jardins Capri INFORMAÇÕES Garagem Cob. p/ 02 carros Sala de Estar Cozinha Gourmet Área Serv. 3 quartos, sendo 3 suítes Roupeiro Banheiro Social Diferenciais: Revestimento de Piso Acetinado 1,20x1,20 Bancadas dos banhos em Quartizito Biancatto Escada em Preto São Gabriel Escovado Bancadas na cozinha e área gourmet em preto São Gabriel Escovado Esquadrias em aluminio na cor preta com automatização na janelas das Suítes Piscina com aquecimento Porta de Entrada em alumínio Iluminação Interna Personalizada Jardinagem Completa Pré Inst. p/Ar Condicionado Rico em detalhes Área lote: 392,63 m2 Área construída: 177,47 m2"
3933925,27i-casa Nápoles Douglas 1500k_1-3933925,27i-casa Nápoles Douglas 1500k_1,Casa em Condomínio,Senador Canedo,Jardins Nápoles,Rua Açucena,1,,75254176,R$ 1.500.000,1500000,3,3,5,2,197 m²,360 m²,https://www.marcusbeda.com.br/imovel/3933925/casa-em-condominio-venda-senador-canedo-go-jardins-napoles,https://www.marcusbeda.com.br/imagens/imoveis/202509110957281796.jpg,"Casa Sub Térrea Jardins Nápoles 360m² Área total 197m² Contruçao 3 Suítes (Sendo uma master) Sala de Jantar Sala de Estar com lavabo Cozinha Área gourmet com lavabo Escaninho 2 Vagas garagem coberta Piscina Diferenciais Piscina Aquecida armários na cozinha armários na área gourmet armários no closet Aquecimento de água em todos os pontos da casa 2 lavabos escaninho Projeto Luminotécnico *R$ 1.5000,000,00"
4094799,2i-Casa novo mundo 530 mil_1-4094799,2i-Casa novo mundo 530 mil_1,Casa,Goiânia,Jardim Novo Mundo,Rua Illinois,1,Casa,74705240,R$ 550.000,550000,3,1,2,2,116 m²,180 m²,https://www.marcusbeda.com.br/imovel/4094799/casa-3-dormitorios-venda-goiania-go-jardim-novo-mundo,https://www.marcusbeda.com.br/imagens/imoveis/20260103130745733.jpeg,"Casa no Jardim Novo Mundo, com otima localização, aceita financiamento. Casa com 03 Quartos Sendo 1 Suíte; Sala Ampla com Pé Direito Duplo e Teto na Sanca de Gesso Trabalhado com Croicas; Cozinha Independente Ampla com armários; 2 Banheiros com Nichos e Box; Espaço de Garagem para 2 Carros; Corredor Externo de Fora à Fora; Cômodo da bagunça no fundo; Área de Serviço Ampla; Faixada Imponente; Espaço de Quintal na Frente com Churrasqueira e Ducha; Construção Moderna; * * Localizada no Setor (JD. NOVO MUNDO ) Perto de ( Escolas, Comércios, Linga de Ônibus e Banco da Caixa) na Região Leste de Goiânia. VALOR: R$530 mil Lote com 180 metros 116 metros construídos"
4094940,4i-Casa mariliza Lucas 650 mil_1-4094940,4i-Casa mariliza Lucas 650 mil_1,Casa,Goiânia,Jardim Mariliza,Rua Carnaúba,1,Casa,74885100,R$ 640.000,640000,3,2,3,2,150 m²,210 m²,https://www.marcusbeda.com.br/imovel/4094940/casa-3-dormitorios-venda-goiania-go-jardim-mariliza,https://www.marcusbeda.com.br/imagens/imoveis/202601031326244029.jpeg,"Casa no Mariliza, próximo ao muro do Jardins Atenas; Aceita financiamento; com 03 quartos sendo 02 suítes com armários nos banheiros; Banheiro social com armários; Cozinha com armários; Sala de jantar e estar; Garagem para 02 carros; Área gourmet com bancada com armários; Jardim na entrada; Com cerca de 150 metros construídos; Lote com 210 metros; Valor de venda 650 mil"
4095337,3i-Casa parque amendoeira João_1-4095337,3i-Casa parque amendoeira João_1,Casa,Goiânia,Parque das Amendoeiras,Rua Vieira Cunha,1,Casa,74780560,R$ 600.000,600000,3,1,2,2,128 m²,180 m²,https://www.marcusbeda.com.br/imovel/4095337/casa-venda-goiania-go-parque-das-amendoeiras,https://www.marcusbeda.com.br/imagens/imoveis/202601050915581036.jpeg,"Descubra o charme de viver em uma casa que combina elegância e conforto em cada detalhe. Com 180 m² de área total, este imóvel apresenta um acabamento premium que valoriza ambientes amplos e iluminados, destaque para o pé direito duplo que confere sensação de espaço e sofisticação. São três dormitórios, sendo uma suíte privativa, todos projetados para oferecer tranquilidade e privacidade. A cozinha integrada à área gourmet, revestida em porcelanato de alta qualidade e com pintura especial nas paredes, cria o cenário perfeito para encontros familiares e momentos de lazer. A garagem, posicionada na laje, garante praticidade e segurança para duas vagas. Localizado em um bairro residencial bem estabelecido, o imóvel beneficia-se de fácil acesso a comércio local, escolas reconhecidas e linhas de transporte público, proporcionando conveniência no dia a dia. A vizinhança oferece ainda opções de parques e áreas de recreação, ideal para quem busca qualidade de vida sem abrir mão da proximidade com serviços essenciais. Não perca a oportunidade de adquirir um lar que reflete um estilo de vida sofisticado e confortável por R$ 600.000,00. Agende sua visita agora mesmo e sinta a diferença de morar em um espaço pensado para você."
4095696,1i-Sobrado marco Túlio 1.890.0_1-4095696,1i-Sobrado marco Túlio 1.890.0_1,Sobrado,Senador Canedo,Jardins Bolonha,Rua das Castanheiras,1,Sobrado,75251124,R$ 1.790.000,1790000,4,3,4,2,278 m²,300 m²,https://www.marcusbeda.com.br/imovel/4095696/sobrado-venda-senador-canedo-go-jardins-bolonha,https://www.marcusbeda.com.br/imagens/imoveis/202601051418553611.jpeg,"Descubra o requinte de viver em um sobrado de 300 m², onde cada detalhe foi pensado para oferecer conforto e sofisticação. São quatro dormitórios, sendo três suítes amplas, que garantem privacidade e tranquilidade para toda a família. A suíte master conta com um elegante closet e banheiro com acabamento em porcelanato acetinado, criando um ambiente de puro relaxamento. A área externa é um verdadeiro convite ao lazer: uma piscina cristalina rodeada por jardins estilo Bolonha, perfeitos para momentos de descanso ou para receber amigos. Ao lado, a área gourmet totalmente equipada, com bancada em granito, churrasqueira embutida e espaço para jantar ao ar livre, transforma cada encontro em uma celebração. A garagem coberta com duas vagas oferece segurança e praticidade, enquanto o design contemporâneo do sobrado combina linhas clean com materiais de alta qualidade, como pisos porcelanato nos ambientes sociais e revestimentos em pedra natural nos halls de entrada. Situado em um endereço privilegiado, o imóvel está inserido em no Jardins Bolonha em Senador Cabedo, que reúne tranquilidade e conveniência. Nas proximidades, você encontra comércios variados, escolas de referência, supermercados e opções de transporte público, facilitando o dia a dia e valorizando ainda mais a qualidade de vida. Este sobrado é ideal para quem busca um lar que une elegância, lazer e localização estratégica, proporcionando um estilo de vida equilibrado entre privacidade e sociabilidade. Não perca a oportunidade de transformar este espaço em seu novo endereço. Agende já a sua visita e venha viver a experiência de morar com excelência."
4095747,7i-Casa Roberto Veneza 1.400k_1-4095747,7i-Casa Roberto Veneza 1.400k_1,Casa,Senador Canedo,Residencial Condomínio Jardim Veneza,Rua JV 10,1,Casa,75254026,R$ 1.400.000,1400000,3,3,4,4,180 m²,360 m²,https://www.marcusbeda.com.br/imovel/4095747/casa-venda-senador-canedo-go-residencial-condominio-jardim-veneza,https://www.marcusbeda.com.br/imagens/imoveis/202601051454404616.jpeg,"Descubra a elegância de viver em uma casa nova, onde cada detalhe foi pensado para oferecer conforto, sofisticação e praticidade. Com um pé direito duplo na sala integrada e na suíte master, a sensação de amplitude e luz natural transforma os ambientes em verdadeiros cenários de bem estar. A propriedade dispõe de 3 dormitórios, todos em suítes, sendo a suíte master equipada com closet espaçoso e banheiro de alto padrão. Um escritório privativo atende às necessidades de quem trabalha em home office, enquanto a área gourmet, completa com churrasqueira a carvão, convida a momentos de convívio inesquecíveis. A cozinha e os banheiros contam com pias escupidas e acabamentos em mármore, reforçando o requinte do projeto. Para quem valoriza lazer privado, a piscina aquecida (6,20 3,40 m) inclui hidromassagem, cascata e iluminação inteligente, proporcionando relaxamento em qualquer estação. O jardim bem cuidado completa o cenário externo, enquanto a garagem com 4 vagas, porta de entrada com fechadura eletrônica e tomadas de entrada inteligentes garantem segurança e conveniência. Localizada em um endereço privilegiado, a casa integra-se a um condomínio que oferece completa infraestrutura de lazer: academia moderna, pista de cooper, quadra poliesportiva, playground e quadra de tênis, atendendo a toda a família. A região dispõe de comércio variado, escolas de excelência e fácil acesso ao transporte público, facilitando a rotina diária. Não perca a oportunidade de adquirir um imóvel com acabamento de primeira qualidade, ripados na fachada e detalhes que fazem a diferença. Agende agora sua visita e experimente o estilo de vida que você merece. Entre em contato e venha conhecer seu novo lar!"
4096246,12i-casa recantinho luiz 620 m_1-4096246,12i-casa recantinho luiz 620 m_1,Casa,Goiânia,Setor Recanto das Minas Gerais,Rua SR 5,1,Casa,74785720,R$ 620.000,620000,3,1,2,3,140 m²,360 m²,https://www.marcusbeda.com.br/imovel/4096246/casa-3-dormitorios-venda-goiania-go-setor-recanto-das-minas-gerais,https://www.marcusbeda.com.br/imagens/imoveis/202601060754575939.jpeg,"Descubra o conforto de viver em uma casa que combina espaço, praticidade e charme, ideal para quem busca qualidade de vida sem abrir mão da conveniência urbana. Com 3 dormitórios, incluindo uma suíte master, e 2 banheiros bem distribuídos, esta residência oferece a metragem ideal para acomodar sua família com privacidade e conforto. O hall de entrada recebe você com elegância, conduzindo aos ambientes internos onde os acabamentos são de bom padrão e pensados para o uso diário. O destaque da casa é a varanda ampla, equipada com bancada e churrasqueira, perfeita para encontros familiares, churrascos com amigos e momentos de lazer ao ar livre. O quintal generoso amplia ainda mais as possibilidades de uso, seja para criar um jardim, um espaço de recreação ou um cantinho de leitura ao sol. A área de serviço funcional completa a praticidade do lar, permitindo a realização das tarefas domésticas com organização e eficiência. Além disso, a propriedade aceita financiamento, facilitando a concretização do seu sonho de morar em um espaço que une conforto e acessibilidade. Situada em um endereço estratégico, a casa beneficia-se da proximidade de comércios, escolas, opções de transporte e serviços essenciais, proporcionando um cotidiano ágil e bem servido. O bairro oferece ainda tranquilidade, segurança e infraestrutura completa, atendendo às necessidades de quem valoriza um estilo de vida equilibrado entre conforto residencial e conveniência urbana. Não perca a oportunidade de adquirir um imóvel que reúne espaço, localização privilegiada e condições facilitadas. Entre em contato agora mesmo e agende sua visita para conhecer de perto cada detalhe desta casa que pode ser o próximo capítulo da sua história."
4097828,15i-Casa Joilson Nv mundo 600_1-4097828,15i-Casa Joilson Nv mundo 600_1,Casa,Goiânia,Jardim Novo Mundo,Rua Ilinóis,1,Casa,74705240,R$ 580.000,580000,3,1,2,3,132 m²,180 m²,https://www.marcusbeda.com.br/imovel/4097828/casa-3-dormitorios-venda-goiania-go-jardim-novo-mundo,https://www.marcusbeda.com.br/imagens/imoveis/202601071108246513.jpeg,"Descubra o conforto de viver em uma casa onde cada detalhe foi pensado para transformar o dia a dia em momentos memoráveis. Com 3 dormitórios sendo 1 suíte elegante e 2 banheiros bem distribuídos, este imóvel oferece a combinação ideal entre espaço, privacidade e praticidade. O pé direito duplo eleva a sensação de amplitude, trazendo luz natural abundante e um toque de sofisticação que valoriza ainda mais os ambientes internos. A garagem ampla, acompanhada de uma área gourmet integrada, é o cenário perfeito para receber amigos e familiares, preparando encontros gastronômicos com conforto e estilo. Além de proporcionar facilidade no estacionamento, o espaço gourmet permite desfrutar de churrascos e celebrações ao ar livre, sem abrir mão da comodidade de estar dentro de casa. Localizada em um ponto estratégico da cidade, a residência beneficia-se de uma ótima localização que coloca escolas, supermercados, farmácias, restaurantes e opções de transporte público a poucos minutos de distância. A proximidade com comércio variado e serviços essenciais garante praticidade para toda a família, enquanto a vizinhança tranquila oferece segurança e qualidade de vida. A propriedade aceita financiamento, facilitando a realização do seu sonho de adquirir um lar completo e bem localizado sem complicações. Seja para quem busca um espaço para crescer com a família ou para quem deseja um refúgio elegante dentro da cidade, esta casa reúne o melhor dos dois mundos: conforto contemporâneo e conveniência urbana. Não perca a oportunidade de transformar este endereço no palco da sua nova história. Entre em contato agora mesmo e agende sua visita a casa dos seus sonhos está à sua espera."
4097877,16i-Casa Maria Luiza piscina M_1-4097877,16i-Casa Maria Luiza piscina M_1,Casa,Goiânia,Vila Maria Luiza,Rua Uruguai,1,Casa,74720280,R$ 750.000,750000,3,1,3,2,142 m²,235 m²,https://www.marcusbeda.com.br/imovel/4097877/casa-venda-goiania-go-vila-maria-luiza,https://www.marcusbeda.com.br/imagens/imoveis/20260107113303530.jpeg,"Descubra o encanto de viver em uma casa que combina elegância e conforto em cada detalhe. Com 3 dormitórios, sendo 1 suíte, e 3 banheiros bem distribuídos, este imóvel oferece espaço suficiente para toda a família sem abrir mão da privacidade. O acabamento premium eleva o padrão de qualidade, enquanto o pé direito alto cria ambientes amplos e luminosos, reforçando a sensação de bem estar. A área social foi planejada para integrar perfeitamente a sala de estar, a cozinha e o espaço gourmet, permitindo momentos de convivência ainda mais agradáveis. Na cozinha, os armários planejados otimizam o armazenamento e trazem um toque de sofisticação. A piscina, com design contemporâneo, convida a desfrutar de dias de lazer e relaxamento sem precisar sair de casa. Com duas vagas de garagem, você tem a comodidade de estacionar seus veículos com segurança. Além disso, o financiamento é aceito, facilitando a realização do seu sonho da casa própria. Localizada em um bairro valorizado, a região oferece excelente infraestrutura: supermercados, padarias, escolas de qualidade e opções de transporte público próximo, garantindo praticidade no dia a dia. Tudo isso aliado a um estilo de vida que prioriza conforto, bem estar e qualidade de vida. Não perca a oportunidade de adquirir um lar que reflete seu gosto exigente e seu desejo por praticidade. Entre em contato agora mesmo e agende sua visita a casa dos seus sonhos está à sua espera!"
4098541,18i-Casa Havaí Aryel 950 mil_1-4098541,18i-Casa Havaí Aryel 950 mil_1,Casa,Goiânia,Residencial Havaí,Rua H8,1,Casa,74781175,R$ 920.000,920000,3,2,3,4,145 m²,360 m²,https://www.marcusbeda.com.br/imovel/4098541/casa-3-dormitorios-venda-goiania-go-residencial-havai,https://www.marcusbeda.com.br/imagens/imoveis/202601071431579305.jpeg,"Descubra o charme de viver em uma casa que combina elegância e conforto em cada detalhe. Com 360 m² de área total, este imóvel oferece um espaço generoso e bem distribuído, ideal para quem busca qualidade de vida sem abrir mão de praticidade. A residência dispõe de três dormitórios, sendo duas suítes equipadas com infraestrutura de ar condicionado pronta, garantindo ambientes climatizados e agradáveis. O closet da suíte principal conta com guarda roupa planejado, proporcionando organização e sofisticação. Os três banheiros apresentam nichos modernos e acabamento em porcelanato, reforçando o padrão de acabamento de alto nível. A área social destaca se pela sala ampla com pé direito alto, que cria uma sensação de amplitude e luminosidade natural. A cozinha é um convite à criatividade culinária, completa com armários planejados e integração direta à área gourmet, onde a churrasqueira integrada permite desfrutar de momentos de convivência com elegância. A iluminação LED, presente em todo o imóvel, alia eficiência energética a um ambiente contemporâneo. O piso em porcelanato, aliado ao rodapé embutido, confere uniformidade e requinte aos ambientes. Portas e janelas de esquadria em alumínio garantem durabilidade e isolamento acústico. A área de serviço é individualizada, oferecendo praticidade no dia a dia. A garagem, com quatro vagas cobertas, atende confortavelmente à família e visitantes. Localizada em endereço estratégico, a casa está inserida em um bairro que reúne segurança, tranquilidade e fácil acesso a comércios, escolas e opções de transporte, proporcionando conveniência para todas as rotinas. Esta é a oportunidade de adquirir um lar completo, pronto para receber você e sua família com conforto, estilo e funcionalidade. Entre em contato agora mesmo e agende sua visita o próximo capítulo da sua vida começa aqui."
4099379,40i-Casa recanto cleyton sr31_1-4099379,40i-Casa recanto cleyton sr31_1,Casa,Goiânia,Setor Recanto das Minas Gerais,Rua SR 31,1,Casa,74785472,R$ 360.000,360000,3,1,2,2,100 m²,135 m²,https://www.marcusbeda.com.br/imovel/4099379/casa-venda-goiania-go-setor-recanto-das-minas-gerais,https://www.marcusbeda.com.br/imagens/imoveis/202601080840284356.jpeg,"Descubra o encanto desta casa de 135 m², onde conforto e praticidade se unem em um espaço pensado para quem valoriza qualidade de vida. Ao entrar, você será recebido por um interior impecável, com piso em porcelanato que confere elegância e facilidade na manutenção, e um roda pé embutido que maximiza a sensação de amplitude em todos os ambientes. A residência dispõe de 3 dormitórios, sendo 1 suíte, proporcionando privacidade e tranquilidade para toda a família. Os 2 banheiros contam com acabamento moderno, garantindo conforto no dia a dia. A cozinha integrada à área gourmet abre caminho para momentos de convivência e celebrações, ideal para quem gosta de receber amigos e familiares em um ambiente sofisticado e funcional. A garagem ampla oferece espaço suficiente para dois veículos, protegendo seu automóvel das intempéries e facilitando o acesso à casa. Além disso, a localização estratégica, no endereço Array , coloca você próximo a uma variedade de comércios, escolas e opções de transporte, facilitando a rotina e ampliando as possibilidades de lazer e conveniência. Esta é a oportunidade de viver em um lar que alia design contemporâneo, praticidade e uma localização que favorece o seu estilo de vida. Não perca tempo: agende já sua visita e venha sentir na prática tudo o que esta casa tem a oferecer."
4099385,24i-Casa Vila Moraes 650 mil_1-4099385,24i-Casa Vila Moraes 650 mil_1,Casa,Goiânia,Vila Morais,Rua 2,1,Casa,74620320,R$ 650.000,650000,3,1,2,4,238 m²,444 m²,https://www.marcusbeda.com.br/imovel/4099385/casa-venda-goiania-go-vila-morais,https://www.marcusbeda.com.br/imagens/imoveis/202601080852223135.jpeg,"Descubra o encanto de viver em uma casa que combina praticidade e conforto em cada detalhe. Com 1 banheiro bem distribuído, uma vaga de garagem e ambientes pensados para o seu dia a dia, este imóvel oferece a base ideal para quem busca qualidade de vida sem abrir mão da conveniência. A propriedade conta com uma varanda acolhedora, perfeita para desfrutar de momentos ao ar livre, e um quiosque que amplia as opções de lazer e entretenimento privativo. A despensa integrada traz organização e funcionalidade à cozinha, facilitando o armazenamento de mantimentos e utensílios. Além disso, a possibilidade de financiamento torna a aquisição ainda mais acessível, permitindo que você realize o sonho da casa própria com segurança financeira. Situada em um endereço estratégico, a casa está inserida em um bairro que oferece infraestrutura completa: comércios variados, escolas de referência e opções de transporte público nas proximidades, garantindo praticidade para toda a família. Imagine-se desfrutando de tardes relaxantes na varanda, organizando suas compras na despensa e aproveitando o espaço extra do quiosque para encontros familiares ou momentos de lazer. Esta é a oportunidade de transformar um imóvel funcional em um lar cheio de histórias e bem estar. Não perca tempo: entre em contato agora mesmo e agende uma visita para conhecer de perto cada detalhe que fará desta casa o seu próximo endereço."
4101897,26i-apartamento Vitta 255 mil_1-4101897,26i-apartamento Vitta 255 mil_1,Apartamento,Goiânia,Vila Martins,Rua da Liberdade,1,Bloco,74703210,R$ 260.000,260000,2,0,1,1,42 m²,42 m²,https://www.marcusbeda.com.br/imovel/4101897/apartamento-venda-goiania-go-vila-martins,https://www.marcusbeda.com.br/imagens/imoveis/202601081812196014.jpeg,"Descubra o conforto e a praticidade de viver em um apartamento de 42 m², projetado para quem busca qualidade de vida sem abrir mão da conveniência urbana. São dois dormitórios bem distribuídos, perfeito para casal ou pequena família, e um banheiro moderno com acabamento em porcelanato, proporcionando elegância e facilidade na rotina diária. A vaga de garagem exclusiva garante tranquilidade e segurança para seu veículo. O condomínio oferece um completo conjunto de áreas de lazer: piscina para refrescar os dias de calor, quadra poliesportiva para momentos de diversão em família, academia equipada para a prática de exercícios sem precisar sair de casa, e portaria 24 h que assegura total privacidade e proteção. Além disso, a unidade aceita financiamento, facilitando a realização do seu sonho de morar bem. Situado em uma região bem servida de infraestrutura, o imóvel está próximo a comércio variado, escolas reconhecidas e opções de transporte público, permitindo deslocamentos rápidos e confortáveis para todas as áreas da cidade. Essa localização estratégica combina a tranquilidade de um bairro residencial com a praticidade de estar perto de tudo que você precisa. Viva a experiência de um lar que equilibra bem-estar, segurança e acessibilidade. Agende já sua visita e dê o próximo passo rumo ao seu novo endereço!"
4103224,28i-Casa Thiagão Flor do ipê 4_1-4103224,28i-Casa Thiagão Flor do ipê 4_1,Casa,Senador Canedo,Residencial Flor do Ipê I,Rua Ipê 18,1,Casa,75257644,R$ 400.000,400000,3,1,2,2,150 m²,170 m²,https://www.marcusbeda.com.br/imovel/4103224/casa-venda-senador-canedo-go-residencial-flor-do-ipe-i,https://www.marcusbeda.com.br/imagens/imoveis/202601092015338105.jpeg,"Descubra o equilíbrio perfeito entre conforto, segurança e estilo nesta casa de 3 dormitórios, sendo 1 suíte, situada em um bairro que oferece praticidade e tranquilidade. Com metragem bem distribuída, o imóvel apresenta acabamentos de alto padrão: cozinha completa com armários planejados, cooktop e forno, proporcionando um ambiente ideal para quem valoriza a gastronomia. A área gourmet eleva o conceito de convivência, com elegantes bancadas em mármore escovado, cooktop adicional e lavabo, criando o cenário perfeito para receber amigos e familiares. O piso em parquet acetinado confere sofisticação aos ambientes internos, enquanto as telhas isotérmicas garantem conforto térmico em todas as estações. O paisagismo interno e externo transforma cada espaço em um refúgio verde, complementado por um portão automático com motor rápido e sistema de câmeras de segurança, que asseguram tranquilidade e privacidade. A garagem com 2 vagas oferece comodidade para toda a família. Localizada em uma região bem servida, a casa está próxima a comércios, escolas, opções de transporte público e áreas de lazer, facilitando o dia a dia e valorizando ainda mais o seu investimento. Não perca a oportunidade de viver em um lar que combina praticidade, elegância e segurança. Agende sua visita agora mesmo e descubra como este imóvel pode ser o próximo capítulo da sua história."
4103885,29i-Sobrado Barcelona sol 1.89_1-4103885,29i-Sobrado Barcelona sol 1.89_1,Sobrado,Senador Canedo,Jardins Barcelona,Via Mediterrânea,1,Sobrado,75255460,R$ 1.890.000,1890000,4,4,5,4,215 m²,300 m²,https://www.marcusbeda.com.br/imovel/4103885/sobrado-venda-senador-canedo-go-jardins-barcelona,https://www.marcusbeda.com.br/imagens/imoveis/202601111053515245.jpeg,"A rotina ganha outra dinâmica quando você deixa de se preocupar com o espaço das crianças ou com a logística do home office. Ter quatro suítes plenas resolve o convívio da família e garante a privacidade necessária para cada um. No Jardins Barcelona, em Senador Canedo, esse sobrado entrega uma estrutura robusta em 215 m² de área construída, com acabamentos que o mercado exige hoje: porcelanato de grande formato, esquadrias com persianas automatizadas e iluminação em LED já instalada. A sala com pé direito duplo mantém o ambiente fresco, enquanto a piscina aquecida com cascata vira o ponto focal dos finais de semana. É um imóvel para quem busca solidez patrimonial em um terreno de 300 m², sem abrir mão de facilidades cotidianas, já que o condomínio está cercado por supermercados, escolas e farmácias. O paisagismo iluminado reforça o cuidado com a fachada, e a garagem comporta quatro carros com folga. O processo de compra flui sem burocracias pesadas, com a documentação pronta para quem pretende utilizar financiamento bancário. Se você já analisou as opções da região, sabe que os detalhes da marmoraria fina e a qualidade das esquadrias de primeira linha colocam esta unidade em um patamar diferenciado de valorização. Agende um horário e veja pessoalmente como a planta se comporta na prática."
4105668,34i-Sobrado Vale verde Natália_1-4105668,34i-Sobrado Vale verde Natália_1,Sobrado,Senador Canedo,Residencial Vale Verde,Rua VV 2,1,Sobrado,75254135,R$ 1.800.000,1800000,4,4,5,4,240 m²,410 m²,https://www.marcusbeda.com.br/imovel/4105668/sobrado-em-condominio-venda-senador-canedo-go-residencial-vale-verde,https://www.marcusbeda.com.br/imagens/imoveis/20260112154937100.jpeg,Sobrado Área do terreno 410 M2 Área construída 280 M2 Parte superior 3 suítes sendo uma master com closet e hidromassagem Saca frontal Solarium de frente pra área de lazer Sala de TV Parte Inferior 1 suíte Sala de estar Sala de jantar Cozinha Área gourmet Lavabo Área de serviço Garagem coberta para 2 Veiculos Acesso lateral para mais 3 veículos Piscina aquecida com deck Todos banheiros e pias com preparação para água quente Todo trabalhado em sacas iluminadas Fachada frontal em pedra Calçada frontal em pedra portuguesa Hall de entrada com pé direito duplo Porcelanato Quintal gramado Sujeito a alterações de valor sem aviso prévio. Contato Marcus Beda Corretor de Imóveis Creci 23.152 Fone 62.98116-2705 Condomínio Residencial Vale Verde
4105702,35i_Casa Belvedere 950 mil_1-4105702,35i_Casa Belvedere 950 mil_1,Casa,Goiânia,Residencial Jardim Belvedere Expansão,Rua JB 6,1,Casa,74594160,R$ 949.999,949999,3,3,4,2,180 m²,300 m²,https://www.marcusbeda.com.br/imovel/4105702/casa-3-dormitorios-venda-goiania-go-residencial-jardim-belvedere-expansao,https://www.marcusbeda.com.br/imagens/imoveis/202601121604313348.jpeg,3 Suites Uma com closet Jardim de inverno Piscina aquecida Área de churrasco Área de serviço área gourmet Banheiro externo Lote 300 metros Construído 180 metros Rica em armários Valor de venda 950 mil
4108396,37i-Casa Morada do bosque 380_1-4108396,37i-Casa Morada do bosque 380_1,Casa,Senador Canedo,Residencial Morada do Bosque,Rua MB 5,1,Casa,75250590,R$ 380.000,380000,3,1,2,3,112 m²,150 m²,https://www.marcusbeda.com.br/imovel/4108396/casa-3-dormitorios-venda-senador-canedo-go-residencial-morada-do-bosque,https://www.marcusbeda.com.br/imagens/imoveis/202601141244455661.jpeg,Casa 3 quartos com suíte + Closet Toda no porcelanato Garagem 3 carros (2 cobertos + 1 descoberto) Iluminação em Led Trabalho em gesso Sala pé direito alto com Lustre e Sanca Nichos banheiros Área gourmet com churrasqueira Acabamento Premium Paisagismo 112 mts construção Lote 150 mts Valor: 380 mil Localização: Res. Morada do bosque Senador Canedo-Go
4108541,38i-Casa com Piscina Marília 8_1-4108541,38i-Casa com Piscina Marília 8_1,Casa,Senador Canedo,Residencial Marilia,Rua Morrinhos,1,Casa,75254473,R$ 870.000,870000,3,3,5,2,172 m²,360 m²,https://www.marcusbeda.com.br/imovel/4108541/casa-3-dormitorios-venda-senador-canedo-go-residencial-marilia,https://www.marcusbeda.com.br/imagens/imoveis/202601141409129062.jpeg,"*Casa 3Q c/ Piscina* Residencial Marília *Valor: R$ 870.000,00* Acabamento de altíssimo padrão. Lote 360m2 175m2 de construção; 3 Quartos, sendo 2 suítes com c/ iluminação decorativa em LED 3 banheiros e 1 lavabo da piscina Piscina completa com hidromassagem, aquecimento, cascata e iluminação em LED; deck amplo e ducha externa; Área gourmet c/ churrasqueira, balcão amplo e pia; Iluminação decorativa em LED na garagem, sala de estar e cozinha e quartos: Cozinha integrada à sala de estar e área da piscina: Decoração simulando painel ripado na fachada da casa; Área de serviço c/ lavanderia; Garagem ampla"
4261339,39i-Apartamento Res. Paineras_1-4261339,39i-Apartamento Res. Paineras_1,Apartamento,Goiânia,Parque das Nações,Rua Irlanda,604,Residencial Paineraa,74593250,R$ 320.000,320000,3,0,1,1,66 m²,90 m²,https://www.marcusbeda.com.br/imovel/4261339/apartamento-venda-goiania-go-parque-das-nacoes,https://www.marcusbeda.com.br/imagens/imoveis/202606110928435240.jpg,"Apartamento nº 604, localizado no Bloco B-1, Condomínio denominado Residencial Paineiras, situado na AvenidaGoiás, Jardim Ipê, nesta Capital, com a seguinte divisão interna: 03 quartos, banheiro social, sala de estar/jantar,cozinha, área de serviço e varanda com direito ao Box nº 171-A, perfazendo a área total de 90,787m², sendo 66,320m²de área privativa do aptº; 12,50m² de área comum de divisão proporcional; 11,967m² de área comum de divisãoproporcional, correspondendo a fração ideal de 0,0051275% ou 59,938m² conforme matrícula nº 78.219 averbada noCartório do Registro de Imóveis da 2º Circunscrição desta Comarca de Goiânia."
4263994,50i-Casa Village Campos verde_1-4263994,50i-Casa Village Campos verde_1,Casa,Goiânia,Residencial Village Campos Verdes,Rua CV 08,1,Casa,74736063,R$ 500.000,500000,3,1,2,2,135 m²,140 m²,https://www.marcusbeda.com.br/imovel/4263994/casa-3-dormitorios-venda-goiania-go-residencial-village-campos-verdes,https://www.marcusbeda.com.br/imagens/imoveis/202606150958021258.jpeg,"Casa de 03 Quartos sendo 1 Suíte; e 1 com Jardim de Inverno; com 135 metros de Área Construída; Sala Ampla; Banheiro Social; Quartos de solteiro na Parte superior; Cozinha Rica em Bancadas de Granito integrada a Sala de Jantar mais Área de Serviço na Parte de Baixo; Iluminação em Leds Sobrepor e Croicas; Espaço Gourmet com Churrasqueira Revestida no Porcelanato integrada a Garagem; Portão Basculante, Construção premium. Localizadas no Residencial Village Campos Verdes ao Lado do Jardim Novo Mundo Região Leste de Goiânia-GO. VALOR R$ 500.000,00 Pontos Fortes: Localização ótima, próximo ao paço municipal e preço de senador canedo. Excelente custo benefício."
4280483,47i-Casa jardim Brasil rubio_1-4280483,47i-Casa jardim Brasil rubio_1,Casa,Goiânia,Jardim Brasil,Rua 3,1,Casa,74740530,R$ 850.000,850000,3,3,4,2,237 m²,237 m²,https://www.marcusbeda.com.br/imovel/4280483/casa-3-dormitorios-venda-goiania-go-jardim-brasil,https://www.marcusbeda.com.br/imagens/imoveis/202607022025338980.jpeg,"Casa 3 dormitórios para Venda no bairro Jardim Brasil, localizado na cidade de Goiânia / GO, situado na zona Leste, região Leste, ponto de referência Próximo ao muro do Alphaville Araguaia . Com 3 dormitórios, sendo 3 suítes, possui 4 banheiros, 2 vagas de garagem, 1 sala, construído no ano de 2025. Área Total de 237,00 m², Área Privativa de 237,00 m², Área Construída com 167,00 m², Área do Terreno com 237,00 m². Valor do Imóvel R$ 850.000,00, IPTU R$ 600,00. Características: Portão Eletrônico. Cômodos: Área de Serviço, Copa, Cozinha. Proximidades: Bares e Restaurantes, Escola, Farmácia, Shopping Center, Supermercado. Observao: Localizada no JARDIM BRASIL , imóvel novo, aceita financiamento. próxima de supermercado, shopping e órgãos públicos. 3 suítes sendo 1 master c/closet 1 sala com sanca de gesso pé direito elevado bem ampla Iluminação 100% em LED varanda gourmet fechada ampla c/ lavabo Garagem coberta p/ 2 veículos Área de serviço coberta Cozinha separada com bancada em L Churrasqueira projeto diferenciado Acabamento fino; Esquadria linha gold, pedras cozinha e área gourmet São Gabriel, banheiros pedras branco prime, piso porcelanato 1 linha Delta 90x90, torneiras e registro mono comando luxo 1 linha, ponto de ar condicionado com pré instalação pronta, boiler para aquecimento chuveiro e torneira Casa 01 Fração do terreno 237,22m2 Construção 167,39m2 Valor 850 mil"
4284971,48i-casa 2 quartos novo mundo_1-4284971,48i-casa 2 quartos novo mundo_1,Casa,Goiânia,Jardim Novo Mundo,Rua Lima,1,Casa,74705080,R$ 450.000,450000,2,1,2,2,127 m²,127 m²,https://www.marcusbeda.com.br/imovel/4284971/casas-2-quartos-venda-goiania-go-jardim-novo-mundo,https://www.marcusbeda.com.br/imagens/imoveis/202607081028247746.jpeg,"Nova; Aceita financiamento; 02 quartos sendo um suíte; Sala com pé direito alto; Cozinha; Banheiro social; Hall; Área de serviço; Área gourmet; Garagem; Tem um ótima localização, rico em comércio, acabamento premium. Lote com 122 metros Construídos 95 metros Valor 450 mil"
4285048,49i-Casa Recanto-33_650 mil_1-4285048,49i-Casa Recanto-33_650 mil_1,Casa,Goiânia,Setor Recanto das Minas Gerais,Rua SR 33,1,Casa,74785460,R$ 650.000,650000,3,1,3,2,180 m²,1800 m²,https://www.marcusbeda.com.br/imovel/4285048/casa-3-dormitorios-venda-goiania-go-setor-recanto-das-minas-gerais,https://www.marcusbeda.com.br/imagens/imoveis/202607081113342456.jpeg,"03 Quartos, sendo 1 Suíte com pontos para Ar-Condicionado; Com 145 metros de Área Construída; Sala Ampla de 2 Ambientes com Porta de Entrada com 3 Folhas no Blindex; Cozinha com Bancadas e Balcão Mesa no Preto São Gabriel; 02 Banheiros com Nichos, Box e Lavatórios com Bancada Seca no Bege Bahia; Piso no Porcelanato com Rodapés Embutidos; Iluminação em Leds, Croicas e Pendentes; Grande Área Coberta com Espaço para 02 Carros; Espaço Gourmet com Churrasqueira Revestida no Porcelanato e com Lavabo; 2 Portões sendo um social; Construção Moderna com Acabamento diferenciado. Localizadas no Setor ( RECANTO DAS MINAS GERAIS ) em Ótima Localização na Região Leste de Goiânia-GO"
4288989,41i- Lote terras Alpha 2 140 m_1-4288989,41i- Lote terras Alpha 2 140 m_1,Lote,Senador Canedo,Terras Alpha Residencial 2,Alameda Turquia,1,Lote,75263253,R$ 150.000,150000,0,0,0,0,301 m²,301 m²,https://www.marcusbeda.com.br/imovel/4288989/lote-em-condominio-fechado-venda-senador-canedo-go-terras-alpha-residencial-2,https://www.marcusbeda.com.br/imagens/imoveis/202607131157215849.jpeg,"lote em condomínio fechado com otimo lazer, segurança e privacidade em Senador Canedo. regiao de varios condomínios sendo implementado. Conta com posto de combustível ao lado e loja de conveniência em fase de instalação. Academia, quadras poliesportiva, salão de festas e jogos, vestuários, área de churrasco além de espaços diversos para lazer. Espaço aconchegante para quem procura sossego. Observao: lote em condomínio fechado com otimo lazer, segurança e privacidade em Senador Canedo. regiao de varios condomínios sendo implementado. Academia - Acesso para deficientes - Churrasqueira - Condomínio fechado - Energia elétrica - Espaço gourmet - Jardim - Piscina - Playground - Portaria 24h - Portão eletrônico - Quadra de squash - Quadra de tênis - Quadra poliesportiva - Salão de festas - Salão de jogos - Sauna"
4289022,43i-Lote Jardins França 410 me_1-4289022,43i-Lote Jardins França 410 me_1,Lote,Goiânia,Jardins França,Rua Macon,1,Lote,74886182,R$ 943.000,943000,0,0,0,0,410 m²,410 m²,https://www.marcusbeda.com.br/imovel/4289022/lote-em-condominio-fechado-venda-goiania-go-jardins-franca,https://www.marcusbeda.com.br/imagens/imoveis/202607131224363162.jpeg,Lote disponível com otimo valor no Jardins França proximo as quadras de de areias. faça seu contato agora e aproveite um dos melhores lotes com otimo custo benefício.
4289044,33i-Lote Condomínio Vale Verde_1-4289044,33i-Lote Condomínio Vale Verde_1,Lote,Senador Canedo,Residencial Vale Verde,Rua VV 2,1,Lote,75254135,R$ 220.000,220000,0,0,0,0,396 m²,396 m²,https://www.marcusbeda.com.br/imovel/4289044/lote-em-condominio-fechado-venda-senador-canedo-go-residencial-vale-verde,https://www.marcusbeda.com.br/imagens/imoveis/202607131240316774.jpeg,Ótima localização com topografia escorrido para frente ao lado do jardins Quebec e Jardins Nápoles.
4289068,32i-Loteamento Carlos de Frei_1-4289068,32i-Loteamento Carlos de Frei_1,Lote,Goiânia,Residencial Carlos de Freitas,Rua Aryana Guimarães,1,Lote,74775104,R$ 222.000,222000,0,0,0,0,270 m²,270 m²,https://www.marcusbeda.com.br/imovel/4289068/loteamento-venda-goiania-go-residencial-carlos-de-freitas,https://www.marcusbeda.com.br/imagens/imoveis/202607131257018090.jpeg,"Nosso Loteamento é uma realização da MAC EMPREENDIMENTOS IMOBILIÁRIOS - 45 anos no mercado imobiliário de Goiás Está localizado em GOIÂNIA!!! Fica próximo à BR-153, atrás da Empresa Halexistar, ao lado do Conjunto Caiçara - antes do Aldeia do Vale Lotes à partir de 270 m2 com 13,5m de frente À vista a partir de R$ 222.000,00 (TABELA de LANÇAMENTO - VÁLIDA POR CURTO PRAZO) e parcelamento em até 240 meses prestação a partir de R$ 1.400,00 (na TABELA promocional válida por curtíssimo prazo) Reajuste anual IPCA O Loteamento mais barato de Goiânia, que contará ainda com um lindo Parque com mais de 15.000 m2 onde teremos: Pista de Caminhada/Ciclismo Academia ao ar livre Espaço para food truck Playground Estacionamentos Quiosques Quadras poliesportivas E muito mais! Plantões no local, todos os dias , das 8h às 18h Contato 62-98116.2705 Marcus Béda Creci 23152"
4289082,31i-Lote Jardins Parma Guilher_1-4289082,31i-Lote Jardins Parma Guilher_1,Lote,Senador Canedo,Jardins Parma,Rua Fontana,1 lote,Lote,75251238,R$ 239.420,239420,0,0,0,0,281 m²,281 m²,https://www.marcusbeda.com.br/imovel/4289082/lote-em-condominio-fechado-venda-senador-canedo-go-jardins-parma,https://www.marcusbeda.com.br/imagens/imoveis/202607131312178673.jpeg,"Lote quitado no Jardins Parma, excelente valor de metros quadrado com 850 reais o metro. oportunidade"
4289093,30i-Lote Jardim novo mundo 384_1-4289093,30i-Lote Jardim novo mundo 384_1,Lote,Goiânia,Jardim Novo Mundo,Rua Sorocaba,1,Lote,74715490,R$ 420.000,420000,0,0,0,0,384 m²,384 m²,https://www.marcusbeda.com.br/imovel/4289093/lote-venda-goiania-go-jardim-novo-mundo,https://www.marcusbeda.com.br/imagens/imoveis/202607131321072432.jpeg,"Lote quitado, próximo ao estádio serra dourada, shopping flamboyant e assembleia. Ponto de ônibus próximo, rico em comércio. otimo para investimento, região em franca expansao."
4289108,23i-Casa de esquina no Riviera_1-4289108,23i-Casa de esquina no Riviera_1,Casa,Goiânia,Conjunto Riviera,Avenida Liberdade,1,casa,74730010,R$ 850.000,850000,3,1,2,3,270 m²,270 m²,https://www.marcusbeda.com.br/imovel/4289108/casa-3-dormitorios-venda-goiania-go-conjunto-riviera,https://www.marcusbeda.com.br/imagens/imoveis/202607131339373296.jpeg,"Casa de esquina no Riviera localizada na Avenida Liberdade, principal do Bairro, rica em comércio local, escola, farmácia, mercado e padaria. Com 03 quartos sendo uma suíte, semi mobiliada; Garagem ampla para até 3 carros; Um pequena sala que pode vira um office ou quarto; Despensa; Banheiro social; Área de serviço; Jardim de inverno Terreno com cerca 270 metros; Área construída com cerca de 250 meros; Valor de venda 850 mil no estado atual ou com pintura nova 890 mil"
4289136,21i-Casa Monte Azul em Senador_1-4289136,21i-Casa Monte Azul em Senador_1,Casa,Senador Canedo,Setor Monte Azul,Rua Tiradentes,1,Casa,75262616,R$ 270.000,270000,2,1,2,2,140 m²,140 m²,https://www.marcusbeda.com.br/imovel/4289136/casas-2-quartos-venda-senador-canedo-go-setor-monte-azul,https://www.marcusbeda.com.br/imagens/imoveis/202607131352342422.jpeg,"Casa Nova no Monte Azul divisa com Laranjeiras em Senador Canedo, localizada na avenida Tiradentes, ponto de ônibus a poucos metros do imóvel, rico em comércio local, posto de saúde e escola. O imóvel tem 02 quartos sendo um suíte; Banheiro social; Área de serviço com churrasqueira; Garagem; Sala; Cozinha; Com 72,65 metros construídos; Lote com fração de 140,65 metros Aceita financiamento. Valor de venda 270.000,00"
4289735,11i-Sobrado Jardim América Sol_1-4289735,11i-Sobrado Jardim América Sol_1,Sobrado,Goiânia,Jardim América,Rua C 166,1,sobrado,74250230,R$ 1.150.000,1150000,3,3,5,2,190 m²,208 m²,https://www.marcusbeda.com.br/imovel/4289735/sobrado-venda-goiania-go-jardim-america,https://www.marcusbeda.com.br/imagens/imoveis/202607131840335366.jpeg,"SOBRADO Setor Jardim America Pav. TérreO 2 Banheiros sociais Garagem Cob. p/ 02 carros Sala de Estar Cozinha Área Serv. Varanda Gourmet Office (PODE SER CONVERTIDO NA 4 Suite) 1 Pavimento 3 quartos, sendo 3 suítes Copa Diferenciais: Revestimento de Piso Acetinado81x81 Bancadas no banho master brando prime Bancada das demais suítes branco Moura Pisada da escada em granito frete stone Bancadas na cozinha e área gourmet em preto São Gabriel Esquadrias em alumínio Suíte master automatizada com persiana Piscina com aquecimento Porta de Entrada em alumínio Iluminação Interna Personalizada Jardinagem Completa Pré Inst. p/Ar Condicionado Rico em detalhes Energia fotovoltaica Área lote: 208,00 m2 Área construída: 190,93 m2 Valor a vista: R$ 1M150k"
4290221,42i-Casas novo mundo 420 mil_1-4290221,42i-Casas novo mundo 420 mil_1,Casa,Goiânia,Jardim Novo Mundo,Avenida New York,1,Casas,74710010,R$ 420.000,420000,3,2,2,2,435 m²,435 m²,https://www.marcusbeda.com.br/imovel/4290221/casa-3-dormitorios-venda-goiania-go-jardim-novo-mundo,https://www.marcusbeda.com.br/imagens/imoveis/202607141238083590.jpeg,"casa de 03 quartos e dois banheiros com aluguel de 1.200,00 03 barracões com 02 quartos com aluguel de 700 reais. tem cerca de 300 metros construídos lote com 435 metros ótima topografia mercado proximo, ponto de ônibus ao lado uma das principais avenida do Novo Mundo."
4290437,"19i-Cs Rd Bolonha 1.370.000,00_1-4290437","19i-Cs Rd Bolonha 1.370.000,00_1",Casa em Condomínio,Senador Canedo,Jardins Bolonha,Rua dos Angelins,1,Casa,75251092,R$ 1.370.000,1370000,3,3,4,4,158 m²,300 m²,https://www.marcusbeda.com.br/imovel/4290437/casa-em-condominio-venda-senador-canedo-go-jardins-bolonha,https://www.marcusbeda.com.br/imagens/imoveis/202607141454577517.jpeg,"OPORTUNIDADE! PREÇO BAIXOU PARA VENDER RÁPIDO! Casa no Condomínio Jardins Bolonha Alto padrão e conforto! Destaques do imóvel Semi mobiliada Armários sala, cozinha, varanda gourmet, closet suíte master 3 Suítes plenas (1 com closet) Sala com pé-direito duplo integrada à cozinha Área gourmet com churrasqueira e piscina Lavabo + Despensa externa Área de serviço coberta Corredor lateral 4 vagas de garagem Terreno: 300m² Construção: 158m² Pré-instalação para aquecimento de água (banheiros, cozinha, varanda gourmet e piscina) Condomínio: 650,00 Valor promocional: R$ 1.370,000,00 Entre em contato agora e agende sua visita!"
4290469,17i-Casa 02 recanto 325 mil_1-4290469,17i-Casa 02 recanto 325 mil_1,Casa,Goiânia,Residencial Paulo Estrela,Rua 4,1,Casa,74786456,R$ 325.000,325000,2,1,2,1,90 m²,120 m²,https://www.marcusbeda.com.br/imovel/4290469/casas-2-quartos-venda-goiania-go-residencial-paulo-estrela,https://www.marcusbeda.com.br/imagens/imoveis/202607141512436651.jpeg,"Sabe aquele oportunidade de ótimo custo benefício! Trago esse imóvel para você uma casa no bairro Setor Recanto das Minas Gerais; com 2 quartos sendo 1 suite; Banheiro social; Área de serviço; 90m2 de terreno; 75m2 de área construída; piso retificado 75x75; sala com pé direito duplo; garagem coberta a ser entregue após o financiamento, perfeita para fazer aquele churrasco! A região é rica em comércio e tem uma ótima infraestrutura. Aceita financiamento Contato 62-98116.2705 Corretor de Imóveis Marcus Beda Creci 23152 Pontos Fortes: Ótimo localização região rica em comércio possui escola Ponto de ônibus próximo"
4290574,14i-Casa J. Capri Rua Sálvia S_1-4290574,14i-Casa J. Capri Rua Sálvia S_1,Casa em Condomínio,Senador Canedo,Jardins Capri,Rua Sálvia,1,Casa trrea,75251328,R$ 1.590.000,1590000,3,3,4,2,177 m²,392 m²,https://www.marcusbeda.com.br/imovel/4290574/casa-em-condominio-venda-senador-canedo-go-jardins-capri,https://www.marcusbeda.com.br/imagens/imoveis/202607141545214595.jpeg,"CASA TERREA ESQUINA Jardins Capri INFORMAÇÕES Garagem Cob. p/ 02 carros Sala de Estar Cozinha Gourmet Área Serv. 3 quartos, sendo 3 suítes Roupeiro Banheiro Social Diferenciais: Revestimento de Piso Acetinado 1,20x1,20 Bancadas dos banhos em Quartizito Biancatto Escada em Preto São Gabriel Escovado Bancadas na cozinha e área gourmet em preto São Gabriel Escovado Esquadrias em aluminio na cor preta com automatização na janelas das Suítes Piscina com aquecimento Porta de Entrada em alumínio Iluminação Interna Personalizada Jardinagem Completa Pré Inst. p/Ar Condicionado Rico em detalhes Área lote: 392,63 m2 Área construída: 177,47 m2 VALOR 1.590.000,00"
4290915,45i-Sobrado Jardins Capri 1.54_1-4290915,45i-Sobrado Jardins Capri 1.54_1,Sobrado,Senador Canedo,Jardins Capri,Rua Amarílis,1,Sobrado,75251356,R$ 1.540.000,1540000,4,3,4,2,228 m²,275 m²,https://www.marcusbeda.com.br/imovel/4290915/sobrado-em-condominio-venda-senador-canedo-go-jardins-capri,https://www.marcusbeda.com.br/imagens/imoveis/202607141916576059.jpeg,"CONDOMÍNIO JARDINS CAPRI - Sobrado área construída 228,00m2 - Lote : 275m2 - Valor: R$: *1.540.000,00* Sendo : 3 suítes Plenas 2 suites solteiro sendo 2 c/ varandas . 1 Suíte Master com banheira, closet e varanda 1 Escritório/4 quarto no pavimento inferior Sala 02 ambientes com pé direito duplo, Integrada com a cozinha Dispensa Gourmet com churrasqueira Área Serviço bem Privativa Área Lazer Completa : Piscina(preparação p/ aquecimento) com Hidro, Cascata, Iluminação em LED ,Ducha Fria, banheiro com chuveiro 01 lavabo Esquadrias em Aluminio Porcelanatos 83X83 Iluminacao Completa tudo em LED. Banheiros Montados com Nichos em Granito Paisagismo Completo Preparação p/Aquecimento Solar nos Chuveiros, pias e cozinha Acabamento fino Para Pessoas Exigentes Ótima Localização no Condomínio! Obs : valor pode ser alterado sem aviso prévio."
4290923,44i-Sobrado Jardins Barcelona_1-4290923,44i-Sobrado Jardins Barcelona_1,Sobrado,Senador Canedo,Jardins Barcelona,Rua Aragón,1,Sobrado,75255466,R$ 1.640.000,1640000,5,5,6,4,272 m²,361 m²,https://www.marcusbeda.com.br/imovel/4290923/sobrado-em-condominio-venda-senador-canedo-go-jardins-barcelona,https://www.marcusbeda.com.br/imagens/imoveis/202607141927036132.jpeg,"CONDOMÍNIO JARDINS BARCELONA - Sobrado com 272,00m2 construídos; - Lote : 361m2; - Valor: R$: *1.620.000,00* Taxa Condomínio 710,00 Sendo: 5 suítes, sendo 4 suítes no pavimento superior e 1 suíte no pavimento inferior Sala 02 ambientes Integrada com a cozinha Dispensa Gourmet com churrasqueira Área Serviço bem Privativa Área Lazer Completa : Piscina(preparação p/ aquecimento), Cascata, Ducha Fria, banheiro com chuveiro 01 Lavabo . 01 Banheiro na área de lazer Esquadrias em Aluminio Porcelanatos 87X87 Iluminacao Completa tudo em LED. Banheiros Montados com Nichos Paisagismo Completo Preparação p/Aquecimento solar nos chuveiros, pias e cozinha Acabamento fino para pessoas exigentes Ótima Localização no Condomínio! Obs : - valor pode ser alterado sem aviso previo-*"
4290940,13i-Casa Maria Helena 1k_1-4290940,13i-Casa Maria Helena 1k_1,Casa,Goiânia,Jardim Maria Helena,Rua Livorno,1,Casa,74769784,R$ 1.000.000,1000000,3,3,4,4,180 m²,300 m²,https://www.marcusbeda.com.br/imovel/4290940/casa-3-dormitorios-venda-goiania-go-jardim-maria-helena,https://www.marcusbeda.com.br/imagens/imoveis/202607141959515354.jpeg,"Casa com 03 suítes, Localizado no Maria Helena divisa com o Recanto das Minas Gerais e atrás da caixa econômica. Ótima localização. Com um lote de 10x30, 300 metros quadrados; Com área construída de180 metros; Toda em porcelanato; Armários banheiros e lavabo; Cozinha com armários; 3 suítes com gesso rebaixado iluminado e corticeira; Lavabo na casa com armário; Sala estar gesso rabaixado; Sala jantar com sanca iluminada; Closet suíte casal; Área gourmet com churrasqueira e armários; Com sanca de gesso com iluminação; Jardim decorado; Jardim de inverno decorado; Portão eletrônico concertina; Cerca elétrica; Antena TV com pontos instalado; câmeras com dvr; Porteiro eletrônico Iluminação toda em led; Sala com pé direito 4.5mts decoração gesso com iluminação; Sanca invertida sala jantar; Toda casa com moldura de gesso aonde não tem rebaixo de gesso; Corredor com balizador de led; Pedras da Area gourmet e cozinha preto; Pedras banheiro bege Bahia; Porta da frente 1.40x2.80 pivotante alumínio preto Janela da frente pele de vidro 1.40x2.40 Janelas de esquadrilha alumínio preto; Porta no corredor interno almentando a privacidade; Todos portas internas poliuretano (PVC) AUTO PADRÃO. Banheiros com nicho e iluminação nele, Box e chuveiro armários; Banheiros com teto rebaixado e saca iluminada; Banheiro casal com 2 pias e 2 chuveiros e armários; Lixeira instalada na frente da casa; Ponto de energia com dreno para ar condicionado nos quartos e sala Garagem 4 carros 2 coberta; Medida do portão 2.20x3.00 de correr; Dispensa na área de serviço com armário; Varal de roupas área externa; Ducha higiênica nós banheiros; Lustre na sala de jantar; 02 pontos de gás cozinha e 01 área gourmet com casa de gás."
4291324,10i-Casa Jardins Porto_1-4291324,10i-Casa Jardins Porto_1,Casa em Condomínio,Senador Canedo,Jardins Porto,Rua São Francisco,1,Casa,75255438,R$ 1.299.000,1299000,3,3,4,4,200 m²,300 m²,https://www.marcusbeda.com.br/imovel/4291324/casa-em-condominio-venda-senador-canedo-go-jardins-porto,https://www.marcusbeda.com.br/imagens/imoveis/202607151104502911.jpeg,"*6.5k O METRO QUADRADO, O PREÇO MAIS ATRATIVO DA REGIÃO* !!! *É pra vender essa semana!!!* Casa no Condomínio Jardins Porto Terreno: 300m Área Construída: 200m Casa sub-terrea com 03 suítes plenas sendo uma master com closet, sala e cozinha no Térreo. No Subsolo uma ampla área de lazer com churrasqueira, piscina aquecida com hidromassagem e lavabo para atender a área de churrasco. Água aquecida nos chuveiros e torneiras. Previsão para Energia Solar. Garagem para 02 carros cobertos. Acabamento de luxo com Porcelanato de 1.20 X 1.20 - pedras como Preto São Gabriel Escovado, Travertino Romano, bancada da cozinha e mesa no Mármore Michelângelo e cubas esculpidas em mármore nos banheiros. De: R$1.550.000,00 com permuta *Por: R$1.299.000,00 sem permuta"
4294401,9i-Sobrado Recanto 1.300k_1-4294401,9i-Sobrado Recanto 1.300k_1,Sobrado,Goiânia,Setor Recanto das Minas Gerais,Avenida do Ouro,1,Sobrado,74785292,R$ 1.300.000,1300000,3,3,4,3,190 m²,300 m²,https://www.marcusbeda.com.br/imovel/4294401/sobrado-venda-goiania-go-setor-recanto-das-minas-gerais,https://www.marcusbeda.com.br/imagens/imoveis/202607171805499996.jpg,"Sobrado de Alto Padrão à Venda Recanto das Minas Gerais Goiânia Apresentamos este magnífico sobrado de alto padrão, localizado no tradicional Recanto das Minas Gerais, uma das regiões mais valorizadas de Goiânia. Um imóvel novo, com projeto moderno, acabamento premium e preparado para oferecer conforto, tecnologia e sofisticação para toda a família. Com 300 m² de terreno e 190,99 m² de área construída, este sobrado foi cuidadosamente planejado para proporcionar ambientes amplos, funcionais e elegantes. Além disso, já está preparado para automação residencial, compatível com Alexa e Google Home, trazendo mais praticidade ao seu dia a dia. A localização é um dos grandes diferenciais, estando próximo ao Shopping Flamboyant, aeroporto, escolas, supermercados, comércios e ao centro de Goiânia, oferecendo excelente mobilidade e qualidade de vida. Destaques do imóvel: * 300 m² de terreno;* 190,99 m² de área construída;* 03 suítes, sendo 02 no pavimento superior e 01 no térreo;* Sala de TV integrada à sala de jantar;* Sala íntima com sacada e guarda-corpo em aço inox;* Lavabo;* Cozinha integrada à área gourmet;* Área gourmet completa;* Piscina com hidromassagem;* Aquecimento solar;* Água quente nos banheiros e na cozinha;* Área de serviço independente;* Despensa;* Garagem para até 03 veículos;* Portão social para pedestres;* Sistema de infraestrutura pronto para instalação de ar-condicionado (aparelhos não inclusos). Acabamentos e diferenciais: * Acabamento premium;* Rodapés embutidos;* Escada em granito;* Corrimão em aço inox;* Lustres instalados nas salas;* Pintura cristalizada em diversos ambientes;* Paisagismo completo;* Cerca elétrica;* Sistema de câmeras de segurança;* Imóvel novo, pronto para morar. Aceita financiamento bancário. Se você procura um imóvel moderno, elegante, seguro e com excelente localização, este sobrado reúne tudo o que há de melhor em conforto, tecnologia e qualidade construtiva.Valor de venda 1.300.000,00 Agende sua visita e venha conhecer de perto este excelente imóvel!"
4294420,8i-Jardins Bolonha 1.550k D B_1-4294420,8i-Jardins Bolonha 1.550k D B_1,Casa em Condomínio,Senador Canedo,Jardins Bolonha,Rua das Quaresmeiras,1,Casa D B,75251118,R$ 1.550.000,1550000,3,3,4,4,165 m²,300 m²,https://www.marcusbeda.com.br/imovel/4294420/casa-em-condominio-venda-senador-canedo-go-jardins-bolonha,https://www.marcusbeda.com.br/imagens/imoveis/202607171827049940.jpg,"Viver sem vizinhos nos fundos traz um silêncio raro que você percebe logo na primeira manhã. Esta casa no Jardins Bolonha resolve o cotidiano de uma família que busca praticidade sem abrir mão de espaço: são três suítes plenas, incluindo uma master com closet e hidromassagem, montadas com armários planejados que eliminam a preocupação com marcenaria imediata. O projeto de 165 m² prioriza a convivência na área gourmet separada, onde a piscina aquecida sob o pergolado e a usina fotovoltaica garantem conforto térmico com baixo custo operacional. A segurança de um condomínio consolidado encontra aqui detalhes técnicos que valorizam o patrimônio, como a porta em muxarabi e o projeto luminotécnico pronto. Localizada próxima aos serviços essenciais de Senador Canedo, a unidade oferece quatro vagas e aceita financiamento bancário para facilitar a transação. Caso queira entender como a planta flui entre a sala de estar e a cozinha, podemos agendar uma visita rápida."
4301961,51i-Casa Jardins Nápoles 1880k_1-4301961,51i-Casa Jardins Nápoles 1880k_1,Casa em Condomínio,Senador Canedo,Jardins Nápoles,Rua Belém,1,Casa,75254501,R$ 1.880.000,1880000,4,4,5,4,198 m²,360 m²,https://www.marcusbeda.com.br/imovel/4301961/casa-em-condominio-venda-senador-canedo-go-jardins-napoles,https://www.marcusbeda.com.br/imagens/imoveis/202607261744217948.jpg,"Casa em condomínio no Jardins Nápoles, em Senador Canedo-GO, com 4 suítes, área de lazer e venda porteira fechada. Imóvel moderno e completo, com 198 m² de construção em lote de 360 m². O projeto oferece ambientes integrados, excelente padrão de acabamento e espaços planejados para conforto e praticidade. São 4 suítes, 5 banheiros, sala integrada, cozinha planejada, área gourmet, piscina e ambientes bem distribuídos para receber a família e os amigos. Venda porteira fechada, incluindo móveis, eletrodomésticos, decoração e ar-condicionado, conforme informado pelo responsável. Valor de venda: R$ 1.880.000,00."
4302751,6i-Apartamento Soft Pedro Ludo_1-4302751,6i-Apartamento Soft Pedro Ludo_1,Apartamento,Goiânia,Setor Pedro Ludovico,Rua 1034,1,4 andar  Apartamento 402,74823190,R$ 570.000,570000,2,1,2,1,63 m²,,https://www.marcusbeda.com.br/imovel/4302751/apartamento-venda-goiania-go-setor-pedro-ludovico,https://www.marcusbeda.com.br/imagens/imoveis/202607271359418975.jpg,"Apartamento novo, nunca habitado, no Residencial Soft Pedro Ludovico, Setor Pedro Ludovico, em Goiânia. Unidade no 4º andar, com sala, varanda, cozinha, área de serviço, banheiro social e 2 quartos, sendo 1 suíte, além de 1 vaga de garagem. O condomínio conta com portaria 24 horas, quadra poliesportiva, salão de festas, academia, sauna e playground. Valor de venda: R$ 570.000,00."
